timestamp,yaw,pitch,tof1,tof2,tof3,tof4
2025-07-15 10:54:25.035,-90,0,186,0,0,0
2025-07-15 10:54:25.055,-90,0,186,0,0,0
2025-07-15 10:54:25.075,-90,0,187,0,0,0
2025-07-15 10:54:25.094,-90,0,187,0,0,0
2025-07-15 10:54:25.114,-90,0,186,0,0,0
2025-07-15 10:54:25.134,-90,0,186,0,0,0
2025-07-15 10:54:25.154,-90,0,186,0,0,0
2025-07-15 10:54:25.174,-90,0,187,0,0,0
2025-07-15 10:54:25.194,-90,0,187,0,0,0
2025-07-15 10:54:25.214,-90,0,187,0,0,0
2025-07-15 10:54:25.234,-90,0,187,0,0,0
2025-07-15 10:54:25.255,-90,0,187,0,0,0
2025-07-15 10:54:25.274,-90,0,187,0,0,0
2025-07-15 10:54:25.296,-90,0,187,0,0,0
2025-07-15 10:54:25.314,-90,0,187,0,0,0
2025-07-15 10:54:25.334,-90,0,187,0,0,0
2025-07-15 10:54:25.355,-90,0,187,0,0,0
2025-07-15 10:54:25.374,-90,0,187,0,0,0
2025-07-15 10:54:25.394,-90,0,187,0,0,0
2025-07-15 10:54:25.415,-90,0,187,0,0,0
2025-07-15 10:54:25.434,-90,0,187,0,0,0
2025-07-15 10:54:25.454,-90,0,187,0,0,0
2025-07-15 10:54:25.474,-90,0,186,0,0,0
2025-07-15 10:54:25.494,-90,0,186,0,0,0
2025-07-15 10:54:25.514,-90,0,186,0,0,0
2025-07-15 10:54:25.534,-90,0,186,0,0,0
2025-07-15 10:54:25.554,-90,0,186,0,0,0
2025-07-15 10:54:25.574,-90,0,187,0,0,0
2025-07-15 10:54:25.595,-90,0,187,0,0,0
2025-07-15 10:54:25.614,-90,0,187,0,0,0
2025-07-15 10:54:25.634,-90,0,187,0,0,0
2025-07-15 10:54:25.654,-90,0,187,0,0,0
2025-07-15 10:54:25.674,-90,0,187,0,0,0
2025-07-15 10:54:25.694,-90,0,187,0,0,0
2025-07-15 10:54:25.715,-90,0,186,0,0,0
2025-07-15 10:54:25.734,-90,0,186,0,0,0
2025-07-15 10:54:25.754,-90,0,186,0,0,0
2025-07-15 10:54:25.774,-90,0,187,0,0,0
2025-07-15 10:54:25.794,-90,0,187,0,0,0
2025-07-15 10:54:25.814,-90,0,187,0,0,0
2025-07-15 10:54:25.836,-90,0,187,0,0,0
2025-07-15 10:54:25.854,-90,0,187,0,0,0
2025-07-15 10:54:25.874,-90,0,188,0,0,0
2025-07-15 10:54:25.895,-90,0,188,0,0,0
2025-07-15 10:54:25.914,-90,0,186,0,0,0
2025-07-15 10:54:25.934,-90,0,186,0,0,0
2025-07-15 10:54:25.955,-90,0,187,0,0,0
2025-07-15 10:54:25.974,-90,0,187,0,0,0
2025-07-15 10:54:25.994,-90,0,187,0,0,0
2025-07-15 10:54:26.014,-90,0,187,0,0,0
2025-07-15 10:54:26.034,-90,0,187,0,0,0
2025-07-15 10:54:26.054,-90,0,187,0,0,0
2025-07-15 10:54:26.074,-90,0,187,0,0,0
2025-07-15 10:54:26.094,-90,0,187,0,0,0
2025-07-15 10:54:26.114,-90,0,186,0,0,0
2025-07-15 10:54:26.134,-90,0,186,0,0,0
2025-07-15 10:54:26.155,-90,0,186,0,0,0
2025-07-15 10:54:26.174,-90,0,186,0,0,0
2025-07-15 10:54:26.194,-90,0,186,0,0,0
2025-07-15 10:54:26.216,-90,0,186,0,0,0
2025-07-15 10:54:26.234,-90,0,186,0,0,0
2025-07-15 10:54:26.254,-90,0,186,0,0,0
2025-07-15 10:54:26.274,-90,0,186,0,0,0
2025-07-15 10:54:26.295,-90,0,186,0,0,0
2025-07-15 10:54:26.314,-90,0,186,0,0,0
2025-07-15 10:54:26.334,-90,0,186,0,0,0
2025-07-15 10:54:26.355,-90,0,186,0,0,0
2025-07-15 10:54:26.374,-90,0,187,0,0,0
2025-07-15 10:54:26.394,-90,0,187,0,0,0
2025-07-15 10:54:26.416,-90,0,186,0,0,0
2025-07-15 10:54:26.450,-90,0,186,0,0,0
2025-07-15 10:54:26.454,-90,0,185,0,0,0
2025-07-15 10:54:26.476,-90,0,185,0,0,0
2025-07-15 10:54:26.496,-90,0,185,0,0,0
2025-07-15 10:54:26.516,-90,0,186,0,0,0
2025-07-15 10:54:26.534,-90,0,186,0,0,0
2025-07-15 10:54:26.556,-90,0,186,0,0,0
2025-07-15 10:54:26.574,-90,0,185,0,0,0
2025-07-15 10:54:26.594,-90,0,185,0,0,0
2025-07-15 10:54:26.614,-85,0,186,0,0,0
2025-07-15 10:54:26.635,-85,0,186,0,0,0
2025-07-15 10:54:26.655,-85,0,186,0,0,0
2025-07-15 10:54:26.674,-85,0,185,0,0,0
2025-07-15 10:54:26.694,-85,0,185,0,0,0
2025-07-15 10:54:26.715,-85,0,188,0,0,0
2025-07-15 10:54:26.734,-85,0,188,0,0,0
2025-07-15 10:54:26.754,-85,0,188,0,0,0
2025-07-15 10:54:26.777,-85,0,188,0,0,0
2025-07-15 10:54:26.794,-85,0,188,0,0,0
2025-07-15 10:54:26.814,-85,0,187,0,0,0
2025-07-15 10:54:26.835,-85,0,187,0,0,0
2025-07-15 10:54:26.854,-85,0,187,0,0,0
2025-07-15 10:54:26.875,-85,0,190,0,0,0
2025-07-15 10:54:26.895,-85,0,190,0,0,0
2025-07-15 10:54:26.914,-85,0,189,0,0,0
2025-07-15 10:54:26.935,-85,0,189,0,0,0
2025-07-15 10:54:26.954,-85,0,189,0,0,0
2025-07-15 10:54:26.974,-85,0,190,0,0,0
2025-07-15 10:54:26.997,-85,0,190,0,0,0
2025-07-15 10:54:27.015,-85,0,190,0,0,0
2025-07-15 10:54:27.035,-85,0,190,0,0,0
2025-07-15 10:54:27.054,-85,0,190,0,0,0
2025-07-15 10:54:27.075,-85,0,189,0,0,0
2025-07-15 10:54:27.094,-85,0,189,0,0,0
2025-07-15 10:54:27.136,-85,0,189,0,0,0
2025-07-15 10:54:27.155,-85,0,189,0,0,0
2025-07-15 10:54:27.174,-85,0,189,0,0,0
2025-07-15 10:54:27.194,-85,0,189,0,0,0
2025-07-15 10:54:27.214,-85,0,189,0,0,0
2025-07-15 10:54:27.235,-85,0,189,0,0,0
2025-07-15 10:54:27.255,-85,0,189,0,0,0
2025-07-15 10:54:27.274,-85,0,189,0,0,0
2025-07-15 10:54:27.295,-85,0,189,0,0,0
2025-07-15 10:54:27.316,-85,0,189,0,0,0
2025-07-15 10:54:27.334,-85,0,189,0,0,0
2025-07-15 10:54:27.355,-85,0,189,0,0,0
2025-07-15 10:54:27.375,-85,0,189,0,0,0
2025-07-15 10:54:27.396,-80,0,190,0,0,0
2025-07-15 10:54:27.414,-80,0,190,0,0,0
2025-07-15 10:54:27.434,-80,0,189,0,0,0
2025-07-15 10:54:27.455,-80,0,189,0,0,0
2025-07-15 10:54:27.475,-80,0,189,0,0,0
2025-07-15 10:54:27.495,-80,0,190,0,0,0
2025-07-15 10:54:27.514,-80,0,190,0,0,0
2025-07-15 10:54:27.534,-80,0,192,0,0,0
2025-07-15 10:54:27.555,-80,0,192,0,0,0
2025-07-15 10:54:27.574,-80,0,192,0,0,0
2025-07-15 10:54:27.595,-80,0,193,0,0,0
2025-07-15 10:54:27.614,-80,0,193,0,0,0
2025-07-15 10:54:27.634,-80,0,194,0,0,0
2025-07-15 10:54:27.655,-80,0,194,0,0,0
2025-07-15 10:54:27.674,-80,0,194,0,0,0
2025-07-15 10:54:27.695,-80,0,197,0,0,0
2025-07-15 10:54:27.714,-80,0,197,0,0,0
2025-07-15 10:54:27.734,-80,0,197,0,0,0
2025-07-15 10:54:27.754,-80,0,196,0,0,0
2025-07-15 10:54:27.775,-80,0,196,0,0,0
2025-07-15 10:54:27.794,-80,0,196,0,0,0
2025-07-15 10:54:27.814,-80,0,196,0,0,0
2025-07-15 10:54:27.834,-80,0,196,0,0,0
2025-07-15 10:54:27.854,-80,0,195,0,0,0
2025-07-15 10:54:27.874,-80,0,195,0,0,0
2025-07-15 10:54:27.894,-80,0,197,0,0,0
2025-07-15 10:54:27.914,-80,0,197,0,0,0
2025-07-15 10:54:27.934,-80,0,196,0,0,0
2025-07-15 10:54:27.955,-80,0,196,0,0,0
2025-07-15 10:54:27.974,-80,0,196,0,0,0
2025-07-15 10:54:27.994,-80,0,196,0,0,0
2025-07-15 10:54:28.015,-80,0,196,0,0,0
2025-07-15 10:54:28.035,-80,0,196,0,0,0
2025-07-15 10:54:28.054,-80,0,196,0,0,0
2025-07-15 10:54:28.075,-80,0,196,0,0,0
2025-07-15 10:54:28.094,-80,0,197,0,0,0
2025-07-15 10:54:28.114,-80,0,197,0,0,0
2025-07-15 10:54:28.135,-80,0,195,0,0,0
2025-07-15 10:54:28.155,-80,0,195,0,0,0
2025-07-15 10:54:28.174,-80,0,195,0,0,0
2025-07-15 10:54:28.194,-80,0,195,0,0,0
2025-07-15 10:54:28.214,-75,0,195,0,0,0
2025-07-15 10:54:28.234,-75,0,195,0,0,0
2025-07-15 10:54:28.254,-75,0,195,0,0,0
2025-07-15 10:54:28.274,-75,0,195,0,0,0
2025-07-15 10:54:28.295,-75,0,197,0,0,0
2025-07-15 10:54:28.315,-75,0,197,0,0,0
2025-07-15 10:54:28.334,-75,0,197,0,0,0
2025-07-15 10:54:28.355,-75,0,199,0,0,0
2025-07-15 10:54:28.376,-75,0,199,0,0,0
2025-07-15 10:54:28.394,-75,0,198,0,0,0
2025-07-15 10:54:28.414,-75,0,198,0,0,0
2025-07-15 10:54:28.435,-75,0,198,0,0,0
2025-07-15 10:54:28.455,-75,0,202,0,0,0
2025-07-15 10:54:28.475,-75,0,202,0,0,0
2025-07-15 10:54:28.495,-75,0,205,0,0,0
2025-07-15 10:54:28.516,-75,0,205,0,0,0
2025-07-15 10:54:28.535,-75,0,205,0,0,0
2025-07-15 10:54:28.556,-75,0,205,0,0,0
2025-07-15 10:54:28.574,-75,0,205,0,0,0
2025-07-15 10:54:28.594,-75,0,205,0,0,0
2025-07-15 10:54:28.616,-75,0,205,0,0,0
2025-07-15 10:54:28.635,-75,0,205,0,0,0
2025-07-15 10:54:28.655,-75,0,204,0,0,0
2025-07-15 10:54:28.676,-75,0,204,0,0,0
2025-07-15 10:54:28.695,-75,0,204,0,0,0
2025-07-15 10:54:28.715,-75,0,204,0,0,0
2025-07-15 10:54:28.735,-75,0,204,0,0,0
2025-07-15 10:54:28.755,-75,0,204,0,0,0
2025-07-15 10:54:28.775,-75,0,204,0,0,0
2025-07-15 10:54:28.795,-75,0,205,0,0,0
2025-07-15 10:54:28.814,-75,0,205,0,0,0
2025-07-15 10:54:28.835,-75,0,205,0,0,0
2025-07-15 10:54:28.855,-75,0,205,0,0,0
2025-07-15 10:54:28.875,-75,0,205,0,0,0
2025-07-15 10:54:28.894,-75,0,204,0,0,0
2025-07-15 10:54:28.915,-75,0,204,0,0,0
2025-07-15 10:54:28.934,-75,0,204,0,0,0
2025-07-15 10:54:28.954,-75,0,205,0,0,0
2025-07-15 10:54:28.975,-75,0,205,0,0,0
2025-07-15 10:54:28.994,-75,0,205,0,0,0
2025-07-15 10:54:29.014,-70,0,205,0,0,0
2025-07-15 10:54:29.035,-70,0,205,0,0,0
2025-07-15 10:54:29.054,-70,0,204,0,0,0
2025-07-15 10:54:29.074,-70,0,204,0,0,0
2025-07-15 10:54:29.094,-70,0,207,0,0,0
2025-07-15 10:54:29.114,-70,0,207,0,0,0
2025-07-15 10:54:29.134,-70,0,207,0,0,0
2025-07-15 10:54:29.155,-70,0,205,0,0,0
2025-07-15 10:54:29.175,-70,0,205,0,0,0
2025-07-15 10:54:29.195,-70,0,208,0,0,0
2025-07-15 10:54:29.215,-70,0,208,0,0,0
2025-07-15 10:54:29.234,-70,0,208,0,0,0
2025-07-15 10:54:29.254,-70,0,212,0,0,0
2025-07-15 10:54:29.275,-70,0,212,0,0,0
2025-07-15 10:54:29.294,-70,0,215,0,0,0
2025-07-15 10:54:29.314,-70,0,215,0,0,0
2025-07-15 10:54:29.335,-70,0,215,0,0,0
2025-07-15 10:54:29.355,-70,0,215,0,0,0
2025-07-15 10:54:29.374,-70,0,215,0,0,0
2025-07-15 10:54:29.395,-70,0,216,0,0,0
2025-07-15 10:54:29.414,-70,0,216,0,0,0
2025-07-15 10:54:29.434,-70,0,216,0,0,0
2025-07-15 10:54:29.455,-70,0,214,0,0,0
2025-07-15 10:54:29.474,-70,0,214,0,0,0
2025-07-15 10:54:29.495,-70,0,216,0,0,0
2025-07-15 10:54:29.515,-70,0,216,0,0,0
2025-07-15 10:54:29.535,-70,0,216,0,0,0
2025-07-15 10:54:29.579,-70,0,215,0,0,0
2025-07-15 10:54:29.594,-70,0,216,0,0,0
2025-07-15 10:54:29.614,-70,0,216,0,0,0
2025-07-15 10:54:29.635,-70,0,216,0,0,0
2025-07-15 10:54:29.654,-70,0,215,0,0,0
2025-07-15 10:54:29.675,-70,0,215,0,0,0
2025-07-15 10:54:29.695,-70,0,215,0,0,0
2025-07-15 10:54:29.714,-70,0,215,0,0,0
2025-07-15 10:54:29.734,-70,0,215,0,0,0
2025-07-15 10:54:29.755,-70,0,214,0,0,0
2025-07-15 10:54:29.775,-70,0,214,0,0,0
2025-07-15 10:54:29.794,-70,0,214,0,0,0
2025-07-15 10:54:29.815,-65,0,214,0,0,0
2025-07-15 10:54:29.834,-65,0,214,0,0,0
2025-07-15 10:54:29.854,-65,0,216,0,0,0
2025-07-15 10:54:29.875,-65,0,216,0,0,0
2025-07-15 10:54:29.894,-65,0,216,0,0,0
2025-07-15 10:54:29.914,-65,0,216,0,0,0
2025-07-15 10:54:29.935,-65,0,216,0,0,0
2025-07-15 10:54:29.955,-65,0,219,0,0,0
2025-07-15 10:54:29.974,-65,0,219,0,0,0
2025-07-15 10:54:29.994,-65,0,219,0,0,0
2025-07-15 10:54:30.015,-65,0,222,0,0,0
2025-07-15 10:54:30.035,-65,0,222,0,0,0
2025-07-15 10:54:30.054,-65,0,223,0,0,0
2025-07-15 10:54:30.074,-65,0,223,0,0,0
2025-07-15 10:54:30.095,-65,0,226,0,0,0
2025-07-15 10:54:30.115,-65,0,226,0,0,0
2025-07-15 10:54:30.135,-65,0,226,0,0,0
2025-07-15 10:54:30.155,-65,0,226,0,0,0
2025-07-15 10:54:30.174,-65,0,226,0,0,0
2025-07-15 10:54:30.194,-65,0,226,0,0,0
2025-07-15 10:54:30.215,-65,0,230,0,0,0
2025-07-15 10:54:30.235,-65,0,230,0,0,0
2025-07-15 10:54:30.255,-65,0,227,0,0,0
2025-07-15 10:54:30.275,-65,0,227,0,0,0
2025-07-15 10:54:30.295,-65,0,227,0,0,0
2025-07-15 10:54:30.314,-65,0,227,0,0,0
2025-07-15 10:54:30.335,-65,0,227,0,0,0
2025-07-15 10:54:30.355,-65,0,229,0,0,0
2025-07-15 10:54:30.375,-65,0,229,0,0,0
2025-07-15 10:54:30.394,-65,0,229,0,0,0
2025-07-15 10:54:30.415,-65,0,229,0,0,0
2025-07-15 10:54:30.434,-65,0,229,0,0,0
2025-07-15 10:54:30.455,-65,0,228,0,0,0
2025-07-15 10:54:30.475,-65,0,228,0,0,0
2025-07-15 10:54:30.494,-65,0,228,0,0,0
2025-07-15 10:54:30.514,-65,0,228,0,0,0
2025-07-15 10:54:30.535,-65,0,228,0,0,0
2025-07-15 10:54:30.555,-65,0,227,0,0,0
2025-07-15 10:54:30.575,-65,0,227,0,0,0
2025-07-15 10:54:30.594,-65,0,227,0,0,0
2025-07-15 10:54:30.615,-60,0,229,0,0,0
2025-07-15 10:54:30.635,-60,0,229,0,0,0
2025-07-15 10:54:30.655,-60,0,229,0,0,0
2025-07-15 10:54:30.674,-60,0,229,0,0,0
2025-07-15 10:54:30.696,-60,0,229,0,0,0
2025-07-15 10:54:30.714,-60,0,232,0,0,0
2025-07-15 10:54:30.734,-60,0,232,0,0,0
2025-07-15 10:54:30.755,-60,0,232,0,0,0
2025-07-15 10:54:30.775,-60,0,232,0,0,0
2025-07-15 10:54:30.795,-60,0,232,0,0,0
2025-07-15 10:54:30.815,-60,0,236,0,0,0
2025-07-15 10:54:30.834,-60,0,236,0,0,0
2025-07-15 10:54:30.855,-60,0,238,0,0,0
2025-07-15 10:54:30.875,-60,0,238,0,0,0
2025-07-15 10:54:30.894,-60,0,238,0,0,0
2025-07-15 10:54:30.914,-60,0,246,0,0,0
2025-07-15 10:54:30.935,-60,0,246,0,0,0
2025-07-15 10:54:30.954,-60,0,246,0,0,0
2025-07-15 10:54:30.974,-60,0,246,0,0,0
2025-07-15 10:54:30.995,-60,0,246,0,0,0
2025-07-15 10:54:31.014,-60,0,246,0,0,0
2025-07-15 10:54:31.034,-60,0,246,0,0,0
2025-07-15 10:54:31.054,-60,0,244,0,0,0
2025-07-15 10:54:31.075,-60,0,244,0,0,0
2025-07-15 10:54:31.095,-60,0,244,0,0,0
2025-07-15 10:54:31.115,-60,0,245,0,0,0
2025-07-15 10:54:31.135,-60,0,245,0,0,0
2025-07-15 10:54:31.155,-60,0,244,0,0,0
2025-07-15 10:54:31.175,-60,0,244,0,0,0
2025-07-15 10:54:31.194,-60,0,245,0,0,0
2025-07-15 10:54:31.216,-60,0,245,0,0,0
2025-07-15 10:54:31.235,-60,0,245,0,0,0
2025-07-15 10:54:31.254,-60,0,245,0,0,0
2025-07-15 10:54:31.274,-60,0,245,0,0,0
2025-07-15 10:54:31.295,-60,0,244,0,0,0
2025-07-15 10:54:31.315,-60,0,244,0,0,0
2025-07-15 10:54:31.334,-60,0,244,0,0,0
2025-07-15 10:54:31.354,-60,0,244,0,0,0
2025-07-15 10:54:31.374,-60,0,244,0,0,0
2025-07-15 10:54:31.394,-60,0,244,0,0,0
2025-07-15 10:54:31.415,-55,0,246,0,0,0
2025-07-15 10:54:31.434,-55,0,246,0,0,0
2025-07-15 10:54:31.455,-55,0,243,0,0,0
2025-07-15 10:54:31.475,-55,0,243,0,0,0
2025-07-15 10:54:31.494,-55,0,243,0,0,0
2025-07-15 10:54:31.515,-55,0,247,0,0,0
2025-07-15 10:54:31.534,-55,0,247,0,0,0
2025-07-15 10:54:31.555,-55,0,251,0,0,0
2025-07-15 10:54:31.575,-55,0,251,0,0,0
2025-07-15 10:54:31.595,-55,0,251,0,0,0
2025-07-15 10:54:31.614,-55,0,258,0,0,0
2025-07-15 10:54:31.634,-55,0,258,0,0,0
2025-07-15 10:54:31.656,-55,0,262,0,0,0
2025-07-15 10:54:31.675,-55,0,262,0,0,0
2025-07-15 10:54:31.695,-55,0,265,0,0,0
2025-07-15 10:54:31.715,-55,0,265,0,0,0
2025-07-15 10:54:31.734,-55,0,265,0,0,0
2025-07-15 10:54:31.755,-55,0,267,0,0,0
2025-07-15 10:54:31.775,-55,0,267,0,0,0
2025-07-15 10:54:31.795,-55,0,267,0,0,0
2025-07-15 10:54:31.815,-55,0,267,0,0,0
2025-07-15 10:54:31.834,-55,0,267,0,0,0
2025-07-15 10:54:31.854,-55,0,268,0,0,0
2025-07-15 10:54:31.874,-55,0,268,0,0,0
2025-07-15 10:54:31.896,-55,0,267,0,0,0
2025-07-15 10:54:31.915,-55,0,267,0,0,0
2025-07-15 10:54:31.935,-55,0,267,0,0,0
2025-07-15 10:54:31.956,-55,0,265,0,0,0
2025-07-15 10:54:31.975,-55,0,265,0,0,0
2025-07-15 10:54:31.996,-55,0,264,0,0,0
2025-07-15 10:54:32.015,-55,0,264,0,0,0
2025-07-15 10:54:32.035,-55,0,264,0,0,0
2025-07-15 10:54:32.056,-55,0,268,0,0,0
2025-07-15 10:54:32.075,-55,0,268,0,0,0
2025-07-15 10:54:32.096,-55,0,267,0,0,0
2025-07-15 10:54:32.115,-55,0,267,0,0,0
2025-07-15 10:54:32.135,-55,0,267,0,0,0
2025-07-15 10:54:32.156,-55,0,265,0,0,0
2025-07-15 10:54:32.175,-55,0,265,0,0,0
2025-07-15 10:54:32.195,-55,0,265,0,0,0
2025-07-15 10:54:32.216,-50,0,268,0,0,0
2025-07-15 10:54:32.235,-50,0,268,0,0,0
2025-07-15 10:54:32.255,-50,0,269,0,0,0
2025-07-15 10:54:32.275,-50,0,269,0,0,0
2025-07-15 10:54:32.296,-50,0,269,0,0,0
2025-07-15 10:54:32.314,-50,0,274,0,0,0
2025-07-15 10:54:32.334,-50,0,274,0,0,0
2025-07-15 10:54:32.356,-50,0,275,0,0,0
2025-07-15 10:54:32.375,-50,0,275,0,0,0
2025-07-15 10:54:32.395,-50,0,275,0,0,0
2025-07-15 10:54:32.415,-50,0,280,0,0,0
2025-07-15 10:54:32.436,-50,0,280,0,0,0
2025-07-15 10:54:32.556,-50,0,306,0,0,0
2025-07-15 10:54:32.575,-50,0,306,0,0,0
2025-07-15 10:54:32.595,-50,0,306,0,0,0
2025-07-15 10:54:32.635,-50,0,306,0,0,0
2025-07-15 10:54:32.654,-50,0,306,0,0,0
2025-07-15 10:54:32.675,-50,0,307,0,0,0
2025-07-15 10:54:32.694,-50,0,307,0,0,0
2025-07-15 10:54:32.716,-50,0,308,0,0,0
2025-07-15 10:54:32.734,-50,0,308,0,0,0
2025-07-15 10:54:32.755,-50,0,308,0,0,0
2025-07-15 10:54:32.774,-50,0,307,0,0,0
2025-07-15 10:54:32.795,-50,0,307,0,0,0
2025-07-15 10:54:32.815,-50,0,308,0,0,0
2025-07-15 10:54:32.834,-50,0,308,0,0,0
2025-07-15 10:54:32.854,-50,0,308,0,0,0
2025-07-15 10:54:32.874,-50,0,307,0,0,0
2025-07-15 10:54:32.895,-50,0,307,0,0,0
2025-07-15 10:54:32.915,-50,0,307,0,0,0
2025-07-15 10:54:32.935,-50,0,307,0,0,0
2025-07-15 10:54:32.955,-50,0,307,0,0,0
2025-07-15 10:54:32.974,-50,0,309,0,0,0
2025-07-15 10:54:32.995,-50,0,309,0,0,0
2025-07-15 10:54:33.015,-45,0,309,0,0,0
2025-07-15 10:54:33.035,-45,0,308,0,0,0
2025-07-15 10:54:33.054,-45,0,308,0,0,0
2025-07-15 10:54:33.078,-45,0,308,0,0,0
2025-07-15 10:54:33.095,-45,0,308,0,0,0
2025-07-15 10:54:33.114,-45,0,314,0,0,0
2025-07-15 10:54:33.134,-45,0,314,0,0,0
2025-07-15 10:54:33.156,-45,0,314,0,0,0
2025-07-15 10:54:33.175,-45,0,321,0,0,0
2025-07-15 10:54:33.195,-45,0,321,0,0,0
2025-07-15 10:54:33.216,-45,0,329,0,0,0
2025-07-15 10:54:33.234,-45,0,329,0,0,0
2025-07-15 10:54:33.255,-45,0,329,0,0,0
2025-07-15 10:54:33.275,-45,0,338,0,0,0
2025-07-15 10:54:33.294,-45,0,338,0,0,0
2025-07-15 10:54:33.314,-45,0,345,0,0,0
2025-07-15 10:54:33.335,-45,0,345,0,0,0
2025-07-15 10:54:33.355,-45,0,345,0,0,0
2025-07-15 10:54:33.374,-45,0,346,0,0,0
2025-07-15 10:54:33.396,-45,0,346,0,0,0
2025-07-15 10:54:33.415,-45,0,346,0,0,0
2025-07-15 10:54:33.435,-45,0,345,0,0,0
2025-07-15 10:54:33.454,-45,0,345,0,0,0
2025-07-15 10:54:33.475,-45,0,344,0,0,0
2025-07-15 10:54:33.494,-45,0,344,0,0,0
2025-07-15 10:54:33.514,-45,0,344,0,0,0
2025-07-15 10:54:33.535,-45,0,345,0,0,0
2025-07-15 10:54:33.556,-45,0,345,0,0,0
2025-07-15 10:54:33.574,-45,0,345,0,0,0
2025-07-15 10:54:33.596,-45,0,345,0,0,0
2025-07-15 10:54:33.616,-45,0,345,0,0,0
2025-07-15 10:54:33.635,-45,0,347,0,0,0
2025-07-15 10:54:33.655,-45,0,347,0,0,0
2025-07-15 10:54:33.678,-45,0,345,0,0,0
2025-07-15 10:54:33.695,-45,0,345,0,0,0
2025-07-15 10:54:33.715,-45,0,345,0,0,0
2025-07-15 10:54:33.735,-45,0,345,0,0,0
2025-07-15 10:54:33.755,-45,0,345,0,0,0
2025-07-15 10:54:33.775,-45,0,345,0,0,0
2025-07-15 10:54:33.794,-45,0,345,0,0,0
2025-07-15 10:54:33.815,-40,0,345,0,0,0
2025-07-15 10:54:33.835,-40,0,345,0,0,0
2025-07-15 10:54:33.855,-40,0,345,0,0,0
2025-07-15 10:54:33.875,-40,0,346,0,0,0
2025-07-15 10:54:33.895,-40,0,346,0,0,0
2025-07-15 10:54:33.915,-40,0,346,0,0,0
2025-07-15 10:54:33.934,-40,0,353,0,0,0
2025-07-15 10:54:33.955,-40,0,353,0,0,0
2025-07-15 10:54:33.976,-40,0,361,0,0,0
2025-07-15 10:54:33.995,-40,0,361,0,0,0
2025-07-15 10:54:34.015,-40,0,361,0,0,0
2025-07-15 10:54:34.035,-40,0,372,0,0,0
2025-07-15 10:54:34.055,-40,0,372,0,0,0
2025-07-15 10:54:34.075,-40,0,382,0,0,0
2025-07-15 10:54:34.095,-40,0,382,0,0,0
2025-07-15 10:54:34.114,-40,0,382,0,0,0
2025-07-15 10:54:34.135,-40,0,389,0,0,0
2025-07-15 10:54:34.154,-40,0,389,0,0,0
2025-07-15 10:54:34.174,-40,0,387,0,0,0
2025-07-15 10:54:34.195,-40,0,387,0,0,0
2025-07-15 10:54:34.214,-40,0,387,0,0,0
2025-07-15 10:54:34.235,-40,0,389,0,0,0
2025-07-15 10:54:34.255,-40,0,389,0,0,0
2025-07-15 10:54:34.274,-40,0,388,0,0,0
2025-07-15 10:54:34.294,-40,0,388,0,0,0
2025-07-15 10:54:34.315,-40,0,388,0,0,0
2025-07-15 10:54:34.334,-40,0,388,0,0,0
2025-07-15 10:54:34.354,-40,0,388,0,0,0
2025-07-15 10:54:34.375,-40,0,389,0,0,0
2025-07-15 10:54:34.394,-40,0,389,0,0,0
2025-07-15 10:54:34.414,-40,0,389,0,0,0
2025-07-15 10:54:34.435,-40,0,387,0,0,0
2025-07-15 10:54:34.456,-40,0,387,0,0,0
2025-07-15 10:54:34.474,-40,0,388,0,0,0
2025-07-15 10:54:34.495,-40,0,388,0,0,0
2025-07-15 10:54:34.514,-40,0,388,0,0,0
2025-07-15 10:54:34.537,-40,0,387,0,0,0
2025-07-15 10:54:34.555,-40,0,387,0,0,0
2025-07-15 10:54:34.574,-40,0,389,0,0,0
2025-07-15 10:54:34.594,-40,0,389,0,0,0
2025-07-15 10:54:34.634,-35,0,390,0,0,0
2025-07-15 10:54:34.655,-35,0,390,0,0,0
2025-07-15 10:54:34.675,-35,0,390,0,0,0
2025-07-15 10:54:34.695,-35,0,391,0,0,0
2025-07-15 10:54:34.716,-35,0,391,0,0,0
2025-07-15 10:54:34.735,-35,0,394,0,0,0
2025-07-15 10:54:34.754,-35,0,394,0,0,0
2025-07-15 10:54:34.774,-35,0,394,0,0,0
2025-07-15 10:54:34.795,-35,0,397,0,0,0
2025-07-15 10:54:34.815,-35,0,397,0,0,0
2025-07-15 10:54:34.834,-35,0,397,0,0,0
2025-07-15 10:54:34.855,-35,0,397,0,0,0
2025-07-15 10:54:34.875,-35,0,397,0,0,0
2025-07-15 10:54:34.895,-35,0,396,0,0,0
2025-07-15 10:54:34.915,-35,0,396,0,0,0
2025-07-15 10:54:34.934,-35,0,393,0,0,0
2025-07-15 10:54:34.954,-35,0,393,0,0,0
2025-07-15 10:54:34.975,-35,0,393,0,0,0
2025-07-15 10:54:34.994,-35,0,393,0,0,0
2025-07-15 10:54:35.015,-35,0,393,0,0,0
2025-07-15 10:54:35.035,-35,0,394,0,0,0
2025-07-15 10:54:35.056,-35,0,394,0,0,0
2025-07-15 10:54:35.075,-35,0,394,0,0,0
2025-07-15 10:54:35.094,-35,0,393,0,0,0
2025-07-15 10:54:35.115,-35,0,393,0,0,0
2025-07-15 10:54:35.134,-35,0,393,0,0,0
2025-07-15 10:54:35.155,-35,0,393,0,0,0
2025-07-15 10:54:35.174,-35,0,393,0,0,0
2025-07-15 10:54:35.194,-35,0,392,0,0,0
2025-07-15 10:54:35.214,-35,0,392,0,0,0
2025-07-15 10:54:35.235,-35,0,392,0,0,0
2025-07-15 10:54:35.254,-35,0,393,0,0,0
2025-07-15 10:54:35.275,-35,0,393,0,0,0
2025-07-15 10:54:35.294,-35,0,393,0,0,0
2025-07-15 10:54:35.315,-35,0,393,0,0,0
2025-07-15 10:54:35.334,-35,0,393,0,0,0
2025-07-15 10:54:35.355,-35,0,393,0,0,0
2025-07-15 10:54:35.375,-35,0,393,0,0,0
2025-07-15 10:54:35.395,-35,0,392,0,0,0
2025-07-15 10:54:35.415,-30,0,392,0,0,0
2025-07-15 10:54:35.435,-30,0,392,0,0,0
2025-07-15 10:54:35.455,-30,0,393,0,0,0
2025-07-15 10:54:35.475,-30,0,393,0,0,0
2025-07-15 10:54:35.495,-30,0,391,0,0,0
2025-07-15 10:54:35.515,-30,0,391,0,0,0
2025-07-15 10:54:35.535,-30,0,391,0,0,0
2025-07-15 10:54:35.555,-30,0,387,0,0,0
2025-07-15 10:54:35.575,-30,0,387,0,0,0
2025-07-15 10:54:35.595,-30,0,382,0,0,0
2025-07-15 10:54:35.615,-30,0,382,0,0,0
2025-07-15 10:54:35.636,-30,0,379,0,0,0
2025-07-15 10:54:35.655,-30,0,379,0,0,0
2025-07-15 10:54:35.676,-30,0,379,0,0,0
2025-07-15 10:54:35.695,-30,0,379,0,0,0
2025-07-15 10:54:35.715,-30,0,379,0,0,0
2025-07-15 10:54:35.736,-30,0,373,0,0,0
2025-07-15 10:54:35.755,-30,0,373,0,0,0
2025-07-15 10:54:35.775,-30,0,373,0,0,0
2025-07-15 10:54:35.795,-30,0,373,0,0,0
2025-07-15 10:54:35.815,-30,0,373,0,0,0
2025-07-15 10:54:35.836,-30,0,373,0,0,0
2025-07-15 10:54:35.855,-30,0,373,0,0,0
2025-07-15 10:54:35.876,-30,0,373,0,0,0
2025-07-15 10:54:35.895,-30,0,373,0,0,0
2025-07-15 10:54:35.916,-30,0,373,0,0,0
2025-07-15 10:54:35.936,-30,0,373,0,0,0
2025-07-15 10:54:35.955,-30,0,373,0,0,0
2025-07-15 10:54:35.975,-30,0,373,0,0,0
2025-07-15 10:54:35.996,-30,0,374,0,0,0
2025-07-15 10:54:36.015,-30,0,374,0,0,0
2025-07-15 10:54:36.036,-30,0,375,0,0,0
2025-07-15 10:54:36.055,-30,0,375,0,0,0
2025-07-15 10:54:36.075,-30,0,375,0,0,0
2025-07-15 10:54:36.095,-30,0,374,0,0,0
2025-07-15 10:54:36.115,-30,0,374,0,0,0
2025-07-15 10:54:36.135,-30,0,373,0,0,0
2025-07-15 10:54:36.155,-30,0,373,0,0,0
2025-07-15 10:54:36.175,-30,0,373,0,0,0
2025-07-15 10:54:36.195,-30,0,374,0,0,0
2025-07-15 10:54:36.215,-25,0,374,0,0,0
2025-07-15 10:54:36.235,-25,0,374,0,0,0
2025-07-15 10:54:36.255,-25,0,374,0,0,0
2025-07-15 10:54:36.275,-25,0,374,0,0,0
2025-07-15 10:54:36.295,-25,0,370,0,0,0
2025-07-15 10:54:36.315,-25,0,370,0,0,0
2025-07-15 10:54:36.335,-25,0,367,0,0,0
2025-07-15 10:54:36.355,-25,0,367,0,0,0
2025-07-15 10:54:36.375,-25,0,367,0,0,0
2025-07-15 10:54:36.394,-25,0,364,0,0,0
2025-07-15 10:54:36.415,-25,0,364,0,0,0
2025-07-15 10:54:36.434,-25,0,361,0,0,0
2025-07-15 10:54:36.455,-25,0,361,0,0,0
2025-07-15 10:54:36.476,-25,0,361,0,0,0
2025-07-15 10:54:36.495,-25,0,356,0,0,0
2025-07-15 10:54:36.517,-25,0,356,0,0,0
2025-07-15 10:54:36.535,-25,0,356,0,0,0
2025-07-15 10:54:36.557,-25,0,356,0,0,0
2025-07-15 10:54:36.581,-25,0,356,0,0,0
2025-07-15 10:54:36.595,-25,0,355,0,0,0
2025-07-15 10:54:36.615,-25,0,355,0,0,0
2025-07-15 10:54:36.635,-25,0,355,0,0,0
2025-07-15 10:54:36.655,-25,0,356,0,0,0
2025-07-15 10:54:36.675,-25,0,356,0,0,0
2025-07-15 10:54:36.715,-25,0,356,0,0,0
2025-07-15 10:54:36.735,-25,0,356,0,0,0
2025-07-15 10:54:36.755,-25,0,356,0,0,0
2025-07-15 10:54:36.775,-25,0,356,0,0,0
2025-07-15 10:54:36.799,-25,0,355,0,0,0
2025-07-15 10:54:36.815,-25,0,355,0,0,0
2025-07-15 10:54:36.835,-25,0,355,0,0,0
2025-07-15 10:54:36.855,-25,0,357,0,0,0
2025-07-15 10:54:36.875,-25,0,357,0,0,0
2025-07-15 10:54:36.895,-25,0,356,0,0,0
2025-07-15 10:54:36.915,-25,0,356,0,0,0
2025-07-15 10:54:36.935,-25,0,356,0,0,0
2025-07-15 10:54:36.955,-25,0,356,0,0,0
2025-07-15 10:54:36.975,-25,0,356,0,0,0
2025-07-15 10:54:36.995,-25,0,355,0,0,0
2025-07-15 10:54:37.015,-20,0,355,0,0,0
2025-07-15 10:54:37.035,-20,0,355,0,0,0
2025-07-15 10:54:37.055,-20,0,356,0,0,0
2025-07-15 10:54:37.075,-20,0,356,0,0,0
2025-07-15 10:54:37.095,-20,0,354,0,0,0
2025-07-15 10:54:37.115,-20,0,354,0,0,0
2025-07-15 10:54:37.135,-20,0,354,0,0,0
2025-07-15 10:54:37.155,-20,0,352,0,0,0
2025-07-15 10:54:37.175,-20,0,352,0,0,0
2025-07-15 10:54:37.195,-20,0,348,0,0,0
2025-07-15 10:54:37.215,-20,0,348,0,0,0
2025-07-15 10:54:37.235,-20,0,348,0,0,0
2025-07-15 10:54:37.255,-20,0,347,0,0,0
2025-07-15 10:54:37.275,-20,0,347,0,0,0
2025-07-15 10:54:37.295,-20,0,344,0,0,0
2025-07-15 10:54:37.315,-20,0,344,0,0,0
2025-07-15 10:54:37.335,-20,0,344,0,0,0
2025-07-15 10:54:37.355,-20,0,344,0,0,0
2025-07-15 10:54:37.375,-20,0,344,0,0,0
2025-07-15 10:54:37.395,-20,0,343,0,0,0
2025-07-15 10:54:37.415,-20,0,343,0,0,0
2025-07-15 10:54:37.435,-20,0,343,0,0,0
2025-07-15 10:54:37.455,-20,0,343,0,0,0
2025-07-15 10:54:37.475,-20,0,343,0,0,0
2025-07-15 10:54:37.495,-20,0,343,0,0,0
2025-07-15 10:54:37.515,-20,0,343,0,0,0
2025-07-15 10:54:37.535,-20,0,343,0,0,0
2025-07-15 10:54:37.555,-20,0,343,0,0,0
2025-07-15 10:54:37.575,-20,0,343,0,0,0
2025-07-15 10:54:37.595,-20,0,343,0,0,0
2025-07-15 10:54:37.615,-20,0,343,0,0,0
2025-07-15 10:54:37.635,-20,0,343,0,0,0
2025-07-15 10:54:37.655,-20,0,344,0,0,0
2025-07-15 10:54:37.675,-20,0,344,0,0,0
2025-07-15 10:54:37.695,-20,0,342,0,0,0
2025-07-15 10:54:37.715,-20,0,342,0,0,0
2025-07-15 10:54:37.735,-20,0,342,0,0,0
2025-07-15 10:54:37.755,-20,0,343,0,0,0
2025-07-15 10:54:37.775,-20,0,343,0,0,0
2025-07-15 10:54:37.795,-20,0,342,0,0,0
2025-07-15 10:54:37.815,-15,0,342,0,0,0
2025-07-15 10:54:37.835,-15,0,342,0,0,0
2025-07-15 10:54:37.855,-15,0,343,0,0,0
2025-07-15 10:54:37.875,-15,0,343,0,0,0
2025-07-15 10:54:37.895,-15,0,342,0,0,0
2025-07-15 10:54:37.915,-15,0,342,0,0,0
2025-07-15 10:54:37.935,-15,0,342,0,0,0
2025-07-15 10:54:37.955,-15,0,340,0,0,0
2025-07-15 10:54:37.978,-15,0,340,0,0,0
2025-07-15 10:54:37.995,-15,0,338,0,0,0
2025-07-15 10:54:38.015,-15,0,338,0,0,0
2025-07-15 10:54:38.040,-15,0,338,0,0,0
2025-07-15 10:54:38.055,-15,0,335,0,0,0
2025-07-15 10:54:38.075,-15,0,335,0,0,0
2025-07-15 10:54:38.095,-15,0,334,0,0,0
2025-07-15 10:54:38.114,-15,0,334,0,0,0
2025-07-15 10:54:38.136,-15,0,334,0,0,0
2025-07-15 10:54:38.155,-15,0,333,0,0,0
2025-07-15 10:54:38.174,-15,0,333,0,0,0
2025-07-15 10:54:38.194,-15,0,334,0,0,0
2025-07-15 10:54:38.215,-15,0,334,0,0,0
2025-07-15 10:54:38.234,-15,0,334,0,0,0
2025-07-15 10:54:38.254,-15,0,334,0,0,0
2025-07-15 10:54:38.275,-15,0,334,0,0,0
2025-07-15 10:54:38.294,-15,0,334,0,0,0
2025-07-15 10:54:38.314,-15,0,334,0,0,0
2025-07-15 10:54:38.335,-15,0,334,0,0,0
2025-07-15 10:54:38.354,-15,0,333,0,0,0
2025-07-15 10:54:38.374,-15,0,333,0,0,0
2025-07-15 10:54:38.395,-15,0,332,0,0,0
2025-07-15 10:54:38.414,-15,0,332,0,0,0
2025-07-15 10:54:38.434,-15,0,332,0,0,0
2025-07-15 10:54:38.455,-15,0,333,0,0,0
2025-07-15 10:54:38.474,-15,0,333,0,0,0
2025-07-15 10:54:38.495,-15,0,334,0,0,0
2025-07-15 10:54:38.515,-15,0,334,0,0,0
2025-07-15 10:54:38.535,-15,0,334,0,0,0
2025-07-15 10:54:38.554,-15,0,334,0,0,0
2025-07-15 10:54:38.575,-15,0,334,0,0,0
2025-07-15 10:54:38.595,-15,0,333,0,0,0
2025-07-15 10:54:38.615,-10,0,333,0,0,0
2025-07-15 10:54:38.635,-10,0,333,0,0,0
2025-07-15 10:54:38.654,-10,0,334,0,0,0
2025-07-15 10:54:38.674,-10,0,334,0,0,0
2025-07-15 10:54:38.694,-10,0,331,0,0,0
2025-07-15 10:54:38.714,-10,0,331,0,0,0
2025-07-15 10:54:38.735,-10,0,331,0,0,0
2025-07-15 10:54:38.756,-10,0,331,0,0,0
2025-07-15 10:54:38.775,-10,0,331,0,0,0
2025-07-15 10:54:38.796,-10,0,329,0,0,0
2025-07-15 10:54:38.816,-10,0,329,0,0,0
2025-07-15 10:54:38.835,-10,0,329,0,0,0
2025-07-15 10:54:38.855,-10,0,327,0,0,0
2025-07-15 10:54:38.875,-10,0,327,0,0,0
2025-07-15 10:54:38.895,-10,0,327,0,0,0
2025-07-15 10:54:38.915,-10,0,327,0,0,0
2025-07-15 10:54:38.934,-10,0,327,0,0,0
2025-07-15 10:54:38.956,-10,0,327,0,0,0
2025-07-15 10:54:38.975,-10,0,327,0,0,0
2025-07-15 10:54:38.995,-10,0,327,0,0,0
2025-07-15 10:54:39.014,-10,0,327,0,0,0
2025-07-15 10:54:39.036,-10,0,327,0,0,0
2025-07-15 10:54:39.055,-10,0,327,0,0,0
2025-07-15 10:54:39.075,-10,0,327,0,0,0
2025-07-15 10:54:39.096,-10,0,327,0,0,0
2025-07-15 10:54:39.136,-10,0,327,0,0,0
2025-07-15 10:54:39.155,-10,0,327,0,0,0
2025-07-15 10:54:39.175,-10,0,328,0,0,0
2025-07-15 10:54:39.195,-10,0,328,0,0,0
2025-07-15 10:54:39.215,-10,0,328,0,0,0
2025-07-15 10:54:39.235,-10,0,328,0,0,0
2025-07-15 10:54:39.255,-10,0,328,0,0,0
2025-07-15 10:54:39.275,-10,0,328,0,0,0
2025-07-15 10:54:39.294,-10,0,328,0,0,0
2025-07-15 10:54:39.315,-10,0,328,0,0,0
2025-07-15 10:54:39.337,-10,0,328,0,0,0
2025-07-15 10:54:39.356,-10,0,328,0,0,0
2025-07-15 10:54:39.375,-10,0,327,0,0,0
2025-07-15 10:54:39.396,-10,0,327,0,0,0
2025-07-15 10:54:39.415,-5,0,327,0,0,0
2025-07-15 10:54:39.435,-5,0,327,0,0,0
2025-07-15 10:54:39.459,-5,0,327,0,0,0
2025-07-15 10:54:39.475,-5,0,327,0,0,0
2025-07-15 10:54:39.498,-5,0,327,0,0,0
2025-07-15 10:54:39.516,-5,0,326,0,0,0
2025-07-15 10:54:39.535,-5,0,326,0,0,0
2025-07-15 10:54:39.555,-5,0,326,0,0,0
2025-07-15 10:54:39.576,-5,0,326,0,0,0
2025-07-15 10:54:39.595,-5,0,326,0,0,0
2025-07-15 10:54:39.615,-5,0,325,0,0,0
2025-07-15 10:54:39.635,-5,0,325,0,0,0
2025-07-15 10:54:39.665,-5,0,325,0,0,0
2025-07-15 10:54:39.674,-5,0,325,0,0,0
2025-07-15 10:54:39.695,-5,0,325,0,0,0
2025-07-15 10:54:39.714,-5,0,326,0,0,0
2025-07-15 10:54:39.734,-5,0,326,0,0,0
2025-07-15 10:54:39.755,-5,0,326,0,0,0
2025-07-15 10:54:39.774,-5,0,324,0,0,0
2025-07-15 10:54:39.794,-5,0,324,0,0,0
2025-07-15 10:54:39.815,-5,0,325,0,0,0
2025-07-15 10:54:39.834,-5,0,325,0,0,0
2025-07-15 10:54:39.855,-5,0,325,0,0,0
2025-07-15 10:54:39.876,-5,0,324,0,0,0
2025-07-15 10:54:39.895,-5,0,324,0,0,0
2025-07-15 10:54:39.915,-5,0,325,0,0,0
2025-07-15 10:54:39.936,-5,0,325,0,0,0
2025-07-15 10:54:39.956,-5,0,325,0,0,0
2025-07-15 10:54:39.975,-5,0,325,0,0,0
2025-07-15 10:54:39.995,-5,0,325,0,0,0
2025-07-15 10:54:40.015,-5,0,324,0,0,0
2025-07-15 10:54:40.034,-5,0,324,0,0,0
2025-07-15 10:54:40.055,-5,0,324,0,0,0
2025-07-15 10:54:40.075,-5,0,325,0,0,0
2025-07-15 10:54:40.095,-5,0,325,0,0,0
2025-07-15 10:54:40.118,-5,0,325,0,0,0
2025-07-15 10:54:40.135,-5,0,325,0,0,0
2025-07-15 10:54:40.156,-5,0,325,0,0,0
2025-07-15 10:54:40.175,-5,0,326,0,0,0
2025-07-15 10:54:40.194,-5,0,326,0,0,0
2025-07-15 10:54:40.216,0,0,325,0,0,0
2025-07-15 10:54:40.236,0,0,325,0,0,0
2025-07-15 10:54:40.255,0,0,325,0,0,0
2025-07-15 10:54:40.275,0,0,325,0,0,0
2025-07-15 10:54:40.295,0,0,325,0,0,0
2025-07-15 10:54:40.315,0,0,324,0,0,0
2025-07-15 10:54:40.335,0,0,324,0,0,0
2025-07-15 10:54:40.356,0,0,324,0,0,0
2025-07-15 10:54:40.376,0,0,327,0,0,0
2025-07-15 10:54:40.395,0,0,327,0,0,0
2025-07-15 10:54:40.415,0,0,325,0,0,0
2025-07-15 10:54:40.434,0,0,325,0,0,0
2025-07-15 10:54:40.455,0,0,325,0,0,0
2025-07-15 10:54:40.475,0,0,327,0,0,0
2025-07-15 10:54:40.495,0,0,327,0,0,0
2025-07-15 10:54:40.515,0,0,327,0,0,0
2025-07-15 10:54:40.535,0,0,327,0,0,0
2025-07-15 10:54:40.556,0,0,327,0,0,0
2025-07-15 10:54:40.576,0,0,328,0,0,0
2025-07-15 10:54:40.594,0,0,328,0,0,0
2025-07-15 10:54:40.617,0,0,327,0,0,0
2025-07-15 10:54:40.635,0,0,327,0,0,0
2025-07-15 10:54:40.660,0,0,327,0,0,0
2025-07-15 10:54:40.675,0,0,326,0,0,0
2025-07-15 10:54:40.695,0,0,326,0,0,0
2025-07-15 10:54:40.715,0,0,326,0,0,0
2025-07-15 10:54:40.735,0,0,327,0,0,0
2025-07-15 10:54:40.756,0,0,327,0,0,0
2025-07-15 10:54:40.778,0,0,328,0,0,0
2025-07-15 10:54:40.796,0,0,328,0,0,0
2025-07-15 10:54:40.816,0,0,328,0,0,0
2025-07-15 10:54:40.836,0,0,328,0,0,0
2025-07-15 10:54:40.855,0,0,328,0,0,0
2025-07-15 10:54:40.875,0,0,327,0,0,0
2025-07-15 10:54:40.895,0,0,327,0,0,0
2025-07-15 10:54:40.915,0,0,327,0,0,0
2025-07-15 10:54:40.935,0,0,328,0,0,0
2025-07-15 10:54:40.956,0,0,328,0,0,0
2025-07-15 10:54:40.975,0,0,328,0,0,0
2025-07-15 10:54:40.996,0,0,328,0,0,0
2025-07-15 10:54:41.015,5,0,328,0,0,0
2025-07-15 10:54:41.038,5,0,327,0,0,0
2025-07-15 10:54:41.057,5,0,327,0,0,0
2025-07-15 10:54:41.075,5,0,328,0,0,0
2025-07-15 10:54:41.095,5,0,328,0,0,0
2025-07-15 10:54:41.115,5,0,328,0,0,0
2025-07-15 10:54:41.135,5,0,329,0,0,0
2025-07-15 10:54:41.158,5,0,329,0,0,0
2025-07-15 10:54:41.175,5,0,330,0,0,0
2025-07-15 10:54:41.195,5,0,330,0,0,0
2025-07-15 10:54:41.215,5,0,330,0,0,0
2025-07-15 10:54:41.235,5,0,330,0,0,0
2025-07-15 10:54:41.255,5,0,330,0,0,0
2025-07-15 10:54:41.276,5,0,332,0,0,0
2025-07-15 10:54:41.297,5,0,332,0,0,0
2025-07-15 10:54:41.316,5,0,332,0,0,0
2025-07-15 10:54:41.336,5,0,334,0,0,0
2025-07-15 10:54:41.356,5,0,334,0,0,0
2025-07-15 10:54:41.376,5,0,334,0,0,0
2025-07-15 10:54:41.396,5,0,334,0,0,0
2025-07-15 10:54:41.416,5,0,334,0,0,0
2025-07-15 10:54:41.436,5,0,333,0,0,0
2025-07-15 10:54:41.456,5,0,333,0,0,0
2025-07-15 10:54:41.476,5,0,334,0,0,0
2025-07-15 10:54:41.496,5,0,334,0,0,0
2025-07-15 10:54:41.517,5,0,334,0,0,0
2025-07-15 10:54:41.536,5,0,334,0,0,0
2025-07-15 10:54:41.556,5,0,334,0,0,0
2025-07-15 10:54:41.576,5,0,334,0,0,0
2025-07-15 10:54:41.597,5,0,334,0,0,0
2025-07-15 10:54:41.617,5,0,334,0,0,0
2025-07-15 10:54:41.637,5,0,334,0,0,0
2025-07-15 10:54:41.656,5,0,334,0,0,0
2025-07-15 10:54:41.677,5,0,334,0,0,0
2025-07-15 10:54:41.696,5,0,334,0,0,0
2025-07-15 10:54:41.716,5,0,334,0,0,0
2025-07-15 10:54:41.736,5,0,335,0,0,0
2025-07-15 10:54:41.756,5,0,335,0,0,0
2025-07-15 10:54:41.776,5,0,335,0,0,0
2025-07-15 10:54:41.796,5,0,335,0,0,0
2025-07-15 10:54:41.816,10,0,335,0,0,0
2025-07-15 10:54:41.836,10,0,333,0,0,0
2025-07-15 10:54:41.856,10,0,333,0,0,0
2025-07-15 10:54:41.877,10,0,334,0,0,0
2025-07-15 10:54:41.896,10,0,334,0,0,0
2025-07-15 10:54:41.916,10,0,334,0,0,0
2025-07-15 10:54:41.936,10,0,336,0,0,0
2025-07-15 10:54:41.955,10,0,336,0,0,0
2025-07-15 10:54:41.976,10,0,337,0,0,0
2025-07-15 10:54:41.996,10,0,337,0,0,0
2025-07-15 10:54:42.017,10,0,337,0,0,0
2025-07-15 10:54:42.036,10,0,329,0,0,0
2025-07-15 10:54:42.057,10,0,329,0,0,0
2025-07-15 10:54:42.077,10,0,342,0,0,0
2025-07-15 10:54:42.096,10,0,342,0,0,0
2025-07-15 10:54:42.116,10,0,342,0,0,0
2025-07-15 10:54:42.136,10,0,344,0,0,0
2025-07-15 10:54:42.156,10,0,344,0,0,0
2025-07-15 10:54:42.176,10,0,342,0,0,0
2025-07-15 10:54:42.196,10,0,342,0,0,0
2025-07-15 10:54:42.217,10,0,342,0,0,0
2025-07-15 10:54:42.236,10,0,343,0,0,0
2025-07-15 10:54:42.256,10,0,343,0,0,0
2025-07-15 10:54:42.276,10,0,343,0,0,0
2025-07-15 10:54:42.296,10,0,343,0,0,0
2025-07-15 10:54:42.316,10,0,343,0,0,0
2025-07-15 10:54:42.337,10,0,342,0,0,0
2025-07-15 10:54:42.356,10,0,342,0,0,0
2025-07-15 10:54:42.378,10,0,342,0,0,0
2025-07-15 10:54:42.396,10,0,343,0,0,0
2025-07-15 10:54:42.416,10,0,343,0,0,0
2025-07-15 10:54:42.435,10,0,342,0,0,0
2025-07-15 10:54:42.456,10,0,342,0,0,0
2025-07-15 10:54:42.476,10,0,342,0,0,0
2025-07-15 10:54:42.495,10,0,343,0,0,0
2025-07-15 10:54:42.516,10,0,343,0,0,0
2025-07-15 10:54:42.536,10,0,343,0,0,0
2025-07-15 10:54:42.556,10,0,343,0,0,0
2025-07-15 10:54:42.575,10,0,343,0,0,0
2025-07-15 10:54:42.597,10,0,343,0,0,0
2025-07-15 10:54:42.616,15,0,343,0,0,0
2025-07-15 10:54:42.636,15,0,343,0,0,0
2025-07-15 10:54:42.657,15,0,343,0,0,0
2025-07-15 10:54:42.676,15,0,345,0,0,0
2025-07-15 10:54:42.696,15,0,345,0,0,0
2025-07-15 10:54:42.716,15,0,345,0,0,0
2025-07-15 10:54:42.736,15,0,347,0,0,0
2025-07-15 10:54:42.756,15,0,347,0,0,0
2025-07-15 10:54:42.777,15,0,350,0,0,0
2025-07-15 10:54:42.796,15,0,350,0,0,0
2025-07-15 10:54:42.816,15,0,350,0,0,0
2025-07-15 10:54:42.837,15,0,351,0,0,0
2025-07-15 10:54:42.855,15,0,351,0,0,0
2025-07-15 10:54:42.876,15,0,354,0,0,0
2025-07-15 10:54:42.896,15,0,354,0,0,0
2025-07-15 10:54:42.915,15,0,354,0,0,0
2025-07-15 10:54:42.936,15,0,355,0,0,0
2025-07-15 10:54:42.956,15,0,355,0,0,0
2025-07-15 10:54:42.978,15,0,357,0,0,0
2025-07-15 10:54:42.995,15,0,357,0,0,0
2025-07-15 10:54:43.016,15,0,357,0,0,0
2025-07-15 10:54:43.035,15,0,354,0,0,0
2025-07-15 10:54:43.056,15,0,354,0,0,0
2025-07-15 10:54:43.076,15,0,356,0,0,0
2025-07-15 10:54:43.095,15,0,356,0,0,0
2025-07-15 10:54:43.116,15,0,356,0,0,0
2025-07-15 10:54:43.135,15,0,354,0,0,0
2025-07-15 10:54:43.158,15,0,354,0,0,0
2025-07-15 10:54:43.176,15,0,354,0,0,0
2025-07-15 10:54:43.196,15,0,354,0,0,0
2025-07-15 10:54:43.215,15,0,354,0,0,0
2025-07-15 10:54:43.237,15,0,356,0,0,0
2025-07-15 10:54:43.255,15,0,356,0,0,0
2025-07-15 10:54:43.278,15,0,355,0,0,0
2025-07-15 10:54:43.316,15,0,355,0,0,0
2025-07-15 10:54:43.336,15,0,356,0,0,0
2025-07-15 10:54:43.356,15,0,356,0,0,0
2025-07-15 10:54:43.375,15,0,356,0,0,0
2025-07-15 10:54:43.396,15,0,356,0,0,0
2025-07-15 10:54:43.416,20,0,356,0,0,0
2025-07-15 10:54:43.436,20,0,355,0,0,0
2025-07-15 10:54:43.457,20,0,355,0,0,0
2025-07-15 10:54:43.476,20,0,357,0,0,0
2025-07-15 10:54:43.496,20,0,357,0,0,0
2025-07-15 10:54:43.516,20,0,357,0,0,0
2025-07-15 10:54:43.538,20,0,359,0,0,0
2025-07-15 10:54:43.556,20,0,359,0,0,0
2025-07-15 10:54:43.576,20,0,362,0,0,0
2025-07-15 10:54:43.597,20,0,362,0,0,0
2025-07-15 10:54:43.615,20,0,362,0,0,0
2025-07-15 10:54:43.638,20,0,366,0,0,0
2025-07-15 10:54:43.657,20,0,366,0,0,0
2025-07-15 10:54:43.676,20,0,371,0,0,0
2025-07-15 10:54:43.696,20,0,371,0,0,0
2025-07-15 10:54:43.717,20,0,371,0,0,0
2025-07-15 10:54:43.737,20,0,371,0,0,0
2025-07-15 10:54:43.756,20,0,371,0,0,0
2025-07-15 10:54:43.776,20,0,372,0,0,0
2025-07-15 10:54:43.796,20,0,372,0,0,0
2025-07-15 10:54:43.818,20,0,372,0,0,0
2025-07-15 10:54:43.836,20,0,372,0,0,0
2025-07-15 10:54:43.857,20,0,372,0,0,0
2025-07-15 10:54:43.876,20,0,371,0,0,0
2025-07-15 10:54:43.896,20,0,371,0,0,0
2025-07-15 10:54:43.916,20,0,371,0,0,0
2025-07-15 10:54:43.938,20,0,372,0,0,0
2025-07-15 10:54:43.956,20,0,372,0,0,0
2025-07-15 10:54:43.976,20,0,371,0,0,0
2025-07-15 10:54:43.996,20,0,371,0,0,0
2025-07-15 10:54:44.018,20,0,371,0,0,0
2025-07-15 10:54:44.036,20,0,371,0,0,0
2025-07-15 10:54:44.055,20,0,371,0,0,0
2025-07-15 10:54:44.076,20,0,371,0,0,0
2025-07-15 10:54:44.096,20,0,372,0,0,0
2025-07-15 10:54:44.116,20,0,372,0,0,0
2025-07-15 10:54:44.138,20,0,371,0,0,0
2025-07-15 10:54:44.156,20,0,371,0,0,0
2025-07-15 10:54:44.178,20,0,372,0,0,0
2025-07-15 10:54:44.197,20,0,372,0,0,0
2025-07-15 10:54:44.217,25,0,372,0,0,0
2025-07-15 10:54:44.236,25,0,362,0,0,0
2025-07-15 10:54:44.259,25,0,362,0,0,0
2025-07-15 10:54:44.277,25,0,376,0,0,0
2025-07-15 10:54:44.296,25,0,376,0,0,0
2025-07-15 10:54:44.319,25,0,376,0,0,0
2025-07-15 10:54:44.337,25,0,381,0,0,0
2025-07-15 10:54:44.358,25,0,381,0,0,0
2025-07-15 10:54:44.376,25,0,381,0,0,0
2025-07-15 10:54:44.396,25,0,383,0,0,0
2025-07-15 10:54:44.418,25,0,383,0,0,0
2025-07-15 10:54:44.438,25,0,387,0,0,0
2025-07-15 10:54:44.457,25,0,387,0,0,0
2025-07-15 10:54:44.476,25,0,387,0,0,0
2025-07-15 10:54:44.497,25,0,393,0,0,0
2025-07-15 10:54:44.516,25,0,393,0,0,0
2025-07-15 10:54:44.539,25,0,395,0,0,0
2025-07-15 10:54:44.556,25,0,395,0,0,0
2025-07-15 10:54:44.577,25,0,395,0,0,0
2025-07-15 10:54:44.597,25,0,395,0,0,0
2025-07-15 10:54:44.617,25,0,395,0,0,0
2025-07-15 10:54:44.638,25,0,394,0,0,0
2025-07-15 10:54:44.657,25,0,394,0,0,0
2025-07-15 10:54:44.679,25,0,394,0,0,0
2025-07-15 10:54:44.696,25,0,394,0,0,0
2025-07-15 10:54:44.716,25,0,394,0,0,0
2025-07-15 10:54:44.739,25,0,394,0,0,0
2025-07-15 10:54:44.758,25,0,394,0,0,0
2025-07-15 10:54:44.776,25,0,394,0,0,0
2025-07-15 10:54:44.796,25,0,394,0,0,0
2025-07-15 10:54:44.818,25,0,394,0,0,0
2025-07-15 10:54:44.836,25,0,396,0,0,0
2025-07-15 10:54:44.858,25,0,396,0,0,0
2025-07-15 10:54:44.878,25,0,396,0,0,0
2025-07-15 10:54:44.896,25,0,394,0,0,0
2025-07-15 10:54:44.917,25,0,394,0,0,0
2025-07-15 10:54:44.938,25,0,394,0,0,0
2025-07-15 10:54:44.956,25,0,394,0,0,0
2025-07-15 10:54:44.978,25,0,394,0,0,0
2025-07-15 10:54:44.999,30,0,394,0,0,0
2025-07-15 10:54:45.020,30,0,394,0,0,0
2025-07-15 10:54:45.036,30,0,394,0,0,0
2025-07-15 10:54:45.056,30,0,394,0,0,0
2025-07-15 10:54:45.077,30,0,394,0,0,0
2025-07-15 10:54:45.097,30,0,399,0,0,0
2025-07-15 10:54:45.117,30,0,399,0,0,0
2025-07-15 10:54:45.137,30,0,404,0,0,0
2025-07-15 10:54:45.156,30,0,404,0,0,0
2025-07-15 10:54:45.178,30,0,404,0,0,0
2025-07-15 10:54:45.197,30,0,410,0,0,0
2025-07-15 10:54:45.217,30,0,410,0,0,0
2025-07-15 10:54:45.236,30,0,416,0,0,0
2025-07-15 10:54:45.256,30,0,416,0,0,0
2025-07-15 10:54:45.277,30,0,416,0,0,0
2025-07-15 10:54:45.296,30,0,423,0,0,0
2025-07-15 10:54:45.316,30,0,423,0,0,0
2025-07-15 10:54:45.336,30,0,422,0,0,0
2025-07-15 10:54:45.356,30,0,422,0,0,0
2025-07-15 10:54:45.376,30,0,422,0,0,0
2025-07-15 10:54:45.397,30,0,422,0,0,0
2025-07-15 10:54:45.417,30,0,422,0,0,0
2025-07-15 10:54:45.436,30,0,422,0,0,0
2025-07-15 10:54:45.456,30,0,421,0,0,0
2025-07-15 10:54:45.476,30,0,421,0,0,0
2025-07-15 10:54:45.496,30,0,422,0,0,0
2025-07-15 10:54:45.516,30,0,422,0,0,0
2025-07-15 10:54:45.537,30,0,422,0,0,0
2025-07-15 10:54:45.556,30,0,421,0,0,0
2025-07-15 10:54:45.576,30,0,421,0,0,0
2025-07-15 10:54:45.598,30,0,422,0,0,0
2025-07-15 10:54:45.617,30,0,422,0,0,0
2025-07-15 10:54:45.637,30,0,422,0,0,0
2025-07-15 10:54:45.657,30,0,422,0,0,0
2025-07-15 10:54:45.676,30,0,422,0,0,0
2025-07-15 10:54:45.697,30,0,422,0,0,0
2025-07-15 10:54:45.716,30,0,422,0,0,0
2025-07-15 10:54:45.736,30,0,422,0,0,0
2025-07-15 10:54:45.756,30,0,423,0,0,0
2025-07-15 10:54:45.776,30,0,423,0,0,0
2025-07-15 10:54:45.796,30,0,422,0,0,0
2025-07-15 10:54:45.817,35,0,422,0,0,0
2025-07-15 10:54:45.837,35,0,422,0,0,0
2025-07-15 10:54:45.856,35,0,422,0,0,0
2025-07-15 10:54:45.876,35,0,422,0,0,0
2025-07-15 10:54:45.896,35,0,425,0,0,0
2025-07-15 10:54:45.916,35,0,425,0,0,0
2025-07-15 10:54:45.937,35,0,425,0,0,0
2025-07-15 10:54:45.957,35,0,425,0,0,0
2025-07-15 10:54:45.976,35,0,425,0,0,0
2025-07-15 10:54:45.996,35,0,422,0,0,0
2025-07-15 10:54:46.018,35,0,422,0,0,0
2025-07-15 10:54:46.037,35,0,422,0,0,0
2025-07-15 10:54:46.057,35,0,416,0,0,0
2025-07-15 10:54:46.076,35,0,416,0,0,0
2025-07-15 10:54:46.096,35,0,406,0,0,0
2025-07-15 10:54:46.118,35,0,406,0,0,0
2025-07-15 10:54:46.136,35,0,406,0,0,0
2025-07-15 10:54:46.157,35,0,403,0,0,0
2025-07-15 10:54:46.179,35,0,403,0,0,0
2025-07-15 10:54:46.196,35,0,404,0,0,0
2025-07-15 10:54:46.219,35,0,404,0,0,0
2025-07-15 10:54:46.237,35,0,404,0,0,0
2025-07-15 10:54:46.257,35,0,405,0,0,0
2025-07-15 10:54:46.279,35,0,405,0,0,0
2025-07-15 10:54:46.296,35,0,405,0,0,0
2025-07-15 10:54:46.316,35,0,405,0,0,0
2025-07-15 10:54:46.336,35,0,405,0,0,0
2025-07-15 10:54:46.360,35,0,403,0,0,0
2025-07-15 10:54:46.376,35,0,403,0,0,0
2025-07-15 10:54:46.398,35,0,404,0,0,0
2025-07-15 10:54:46.419,35,0,404,0,0,0
2025-07-15 10:54:46.436,35,0,404,0,0,0
2025-07-15 10:54:46.457,35,0,404,0,0,0
2025-07-15 10:54:46.477,35,0,404,0,0,0
2025-07-15 10:54:46.496,35,0,404,0,0,0
2025-07-15 10:54:46.516,35,0,404,0,0,0
2025-07-15 10:54:46.652,40,0,404,0,0,0
2025-07-15 10:54:46.653,40,0,405,0,0,0
2025-07-15 10:54:46.657,40,0,393,0,0,0
2025-07-15 10:54:46.676,40,0,393,0,0,0
2025-07-15 10:54:46.696,40,0,403,0,0,0
2025-07-15 10:54:46.717,40,0,403,0,0,0
2025-07-15 10:54:46.737,40,0,403,0,0,0
2025-07-15 10:54:46.856,40,0,381,0,0,0
2025-07-15 10:54:46.857,40,0,378,0,0,0
2025-07-15 10:54:46.877,40,0,356,0,0,0
2025-07-15 10:54:47.005,40,0,354,0,0,0
2025-07-15 10:54:47.006,40,0,344,0,0,0
2025-07-15 10:54:47.017,40,0,345,0,0,0
2025-07-15 10:54:47.118,40,0,345,0,0,0
2025-07-15 10:54:47.119,40,0,345,0,0,0
2025-07-15 10:54:47.136,40,0,347,0,0,0
2025-07-15 10:54:47.281,40,0,346,0,0,0
2025-07-15 10:54:47.296,40,0,346,0,0,0
2025-07-15 10:54:47.337,40,0,346,0,0,0
2025-07-15 10:54:47.437,40,0,346,0,0,0
2025-07-15 10:54:47.437,40,0,346,0,0,0
2025-07-15 10:54:47.456,40,0,346,0,0,0
2025-07-15 10:54:47.478,40,0,346,0,0,0
2025-07-15 10:54:47.537,45,0,347,0,0,0
2025-07-15 10:54:47.663,45,0,346,0,0,0
2025-07-15 10:54:47.665,45,0,331,0,0,0
2025-07-15 10:54:47.697,45,0,331,0,0,0
2025-07-15 10:54:47.717,45,0,331,0,0,0
2025-07-15 10:54:47.736,45,0,322,0,0,0
2025-07-15 10:54:47.757,45,0,322,0,0,0
2025-07-15 10:54:47.881,45,0,314,0,0,0
2025-07-15 10:54:47.882,45,0,307,0,0,0
2025-07-15 10:54:47.896,45,0,307,0,0,0
2025-07-15 10:54:47.916,45,0,307,0,0,0
2025-07-15 10:54:47.936,45,0,305,0,0,0
2025-07-15 10:54:47.956,45,0,305,0,0,0
2025-07-15 10:54:48.086,45,0,305,0,0,0
2025-07-15 10:54:48.087,45,0,305,0,0,0
2025-07-15 10:54:48.096,45,0,306,0,0,0
2025-07-15 10:54:48.116,45,0,306,0,0,0
2025-07-15 10:54:48.137,45,0,306,0,0,0
2025-07-15 10:54:48.156,45,0,306,0,0,0
2025-07-15 10:54:48.198,45,0,306,0,0,0
2025-07-15 10:54:48.217,45,0,306,0,0,0
2025-07-15 10:54:48.296,45,0,305,0,0,0
2025-07-15 10:54:48.308,45,0,305,0,0,0
2025-07-15 10:54:48.309,45,0,305,0,0,0
2025-07-15 10:54:48.310,45,0,305,0,0,0
2025-07-15 10:54:48.338,45,0,306,0,0,0
2025-07-15 10:54:48.356,45,0,306,0,0,0
2025-07-15 10:54:48.376,45,0,306,0,0,0
2025-07-15 10:54:48.496,50,0,306,0,0,0
2025-07-15 10:54:48.496,50,0,306,0,0,0
2025-07-15 10:54:48.497,50,0,307,0,0,0
2025-07-15 10:54:48.498,50,0,307,0,0,0
2025-07-15 10:54:48.516,50,0,305,0,0,0
2025-07-15 10:54:48.536,50,0,306,0,0,0
2025-07-15 10:54:48.556,50,0,306,0,0,0
2025-07-15 10:54:48.685,50,0,304,0,0,0
2025-07-15 10:54:48.686,50,0,296,0,0,0
2025-07-15 10:54:48.696,50,0,289,0,0,0
2025-07-15 10:54:48.716,50,0,289,0,0,0
2025-07-15 10:54:48.736,50,0,284,0,0,0
2025-07-15 10:54:48.756,50,0,284,0,0,0
2025-07-15 10:54:48.776,50,0,279,0,0,0
2025-07-15 10:54:48.806,50,0,279,0,0,0
2025-07-15 10:54:48.816,50,0,279,0,0,0
2025-07-15 10:54:48.888,50,0,275,0,0,0
2025-07-15 10:54:48.896,50,0,275,0,0,0
2025-07-15 10:54:48.916,50,0,276,0,0,0
2025-07-15 10:54:48.936,50,0,276,0,0,0
2025-07-15 10:54:48.956,50,0,276,0,0,0
2025-07-15 10:54:48.976,50,0,275,0,0,0
2025-07-15 10:54:49.109,50,0,275,0,0,0
2025-07-15 10:54:49.110,50,0,275,0,0,0
2025-07-15 10:54:49.111,50,0,275,0,0,0
2025-07-15 10:54:49.116,50,0,275,0,0,0
2025-07-15 10:54:49.136,50,0,276,0,0,0
2025-07-15 10:54:49.156,50,0,276,0,0,0
2025-07-15 10:54:49.177,50,0,276,0,0,0
2025-07-15 10:54:49.196,50,0,276,0,0,0
2025-07-15 10:54:49.315,50,0,276,0,0,0
2025-07-15 10:54:49.316,50,0,276,0,0,0
2025-07-15 10:54:49.316,50,0,276,0,0,0
2025-07-15 10:54:49.339,55,0,276,0,0,0
2025-07-15 10:54:49.356,55,0,276,0,0,0
2025-07-15 10:54:49.377,55,0,275,0,0,0
2025-07-15 10:54:49.396,55,0,275,0,0,0
2025-07-15 10:54:49.520,55,0,271,0,0,0
2025-07-15 10:54:49.536,55,0,261,0,0,0
2025-07-15 10:54:49.562,55,0,261,0,0,0
2025-07-15 10:54:49.577,55,0,257,0,0,0
2025-07-15 10:54:49.710,55,0,257,0,0,0
2025-07-15 10:54:49.712,55,0,251,0,0,0
2025-07-15 10:54:49.717,55,0,251,0,0,0
2025-07-15 10:54:49.782,55,0,242,0,0,0
2025-07-15 10:54:49.798,55,0,242,0,0,0
2025-07-15 10:54:49.847,55,0,253,0,0,0
2025-07-15 10:54:49.858,55,0,253,0,0,0
2025-07-15 10:54:49.878,55,0,253,0,0,0
2025-07-15 10:54:49.896,55,0,252,0,0,0
2025-07-15 10:54:49.919,55,0,252,0,0,0
2025-07-15 10:54:49.936,55,0,252,0,0,0
2025-07-15 10:54:49.957,55,0,252,0,0,0
2025-07-15 10:54:49.976,55,0,252,0,0,0
2025-07-15 10:54:49.997,55,0,252,0,0,0
2025-07-15 10:54:50.017,55,0,252,0,0,0
2025-07-15 10:54:50.036,55,0,252,0,0,0
2025-07-15 10:54:50.056,55,0,252,0,0,0
2025-07-15 10:54:50.076,55,0,252,0,0,0
2025-07-15 10:54:50.097,55,0,252,0,0,0
2025-07-15 10:54:50.116,55,0,252,0,0,0
2025-07-15 10:54:50.137,55,0,252,0,0,0
2025-07-15 10:54:50.156,55,0,252,0,0,0
2025-07-15 10:54:50.176,55,0,252,0,0,0
2025-07-15 10:54:50.196,55,0,252,0,0,0
2025-07-15 10:54:50.216,55,0,252,0,0,0
2025-07-15 10:54:50.236,60,0,252,0,0,0
2025-07-15 10:54:50.256,60,0,252,0,0,0
2025-07-15 10:54:50.276,60,0,252,0,0,0
2025-07-15 10:54:50.296,60,0,252,0,0,0
2025-07-15 10:54:50.316,60,0,252,0,0,0
2025-07-15 10:54:50.336,60,0,247,0,0,0
2025-07-15 10:54:50.357,60,0,247,0,0,0
2025-07-15 10:54:50.377,60,0,247,0,0,0
2025-07-15 10:54:50.396,60,0,244,0,0,0
2025-07-15 10:54:50.416,60,0,244,0,0,0
2025-07-15 10:54:50.437,60,0,240,0,0,0
2025-07-15 10:54:50.457,60,0,240,0,0,0
2025-07-15 10:54:50.477,60,0,240,0,0,0
2025-07-15 10:54:50.497,60,0,237,0,0,0
2025-07-15 10:54:50.516,60,0,237,0,0,0
2025-07-15 10:54:50.537,60,0,234,0,0,0
2025-07-15 10:54:50.557,60,0,234,0,0,0
2025-07-15 10:54:50.577,60,0,234,0,0,0
2025-07-15 10:54:50.599,60,0,234,0,0,0
2025-07-15 10:54:50.617,60,0,234,0,0,0
2025-07-15 10:54:50.636,60,0,234,0,0,0
2025-07-15 10:54:50.656,60,0,234,0,0,0
2025-07-15 10:54:50.677,60,0,234,0,0,0
2025-07-15 10:54:50.696,60,0,234,0,0,0
2025-07-15 10:54:50.716,60,0,234,0,0,0
2025-07-15 10:54:50.737,60,0,235,0,0,0
2025-07-15 10:54:50.756,60,0,235,0,0,0
2025-07-15 10:54:50.776,60,0,234,0,0,0
2025-07-15 10:54:50.797,60,0,234,0,0,0
2025-07-15 10:54:50.816,60,0,234,0,0,0
2025-07-15 10:54:50.836,60,0,235,0,0,0
2025-07-15 10:54:50.856,60,0,235,0,0,0
2025-07-15 10:54:50.877,60,0,234,0,0,0
2025-07-15 10:54:50.896,60,0,234,0,0,0
2025-07-15 10:54:50.917,60,0,234,0,0,0
2025-07-15 10:54:50.936,60,0,234,0,0,0
2025-07-15 10:54:50.956,60,0,234,0,0,0
2025-07-15 10:54:50.976,60,0,225,0,0,0
2025-07-15 10:54:50.996,60,0,225,0,0,0
2025-07-15 10:54:51.017,60,0,225,0,0,0
2025-07-15 10:54:51.037,60,0,225,0,0,0
2025-07-15 10:54:51.057,60,0,225,0,0,0
2025-07-15 10:54:51.077,60,0,234,0,0,0
2025-07-15 10:54:51.097,60,0,234,0,0,0
2025-07-15 10:54:51.117,65,0,234,0,0,0
2025-07-15 10:54:51.137,65,0,224,0,0,0
2025-07-15 10:54:51.157,65,0,224,0,0,0
2025-07-15 10:54:51.179,65,0,232,0,0,0
2025-07-15 10:54:51.198,65,0,232,0,0,0
2025-07-15 10:54:51.217,65,0,232,0,0,0
2025-07-15 10:54:51.237,65,0,225,0,0,0
2025-07-15 10:54:51.257,65,0,225,0,0,0
2025-07-15 10:54:51.278,65,0,219,0,0,0
2025-07-15 10:54:51.297,65,0,219,0,0,0
2025-07-15 10:54:51.317,65,0,219,0,0,0
2025-07-15 10:54:51.338,65,0,215,0,0,0
2025-07-15 10:54:51.357,65,0,215,0,0,0
2025-07-15 10:54:51.377,65,0,211,0,0,0
2025-07-15 10:54:51.397,65,0,211,0,0,0
2025-07-15 10:54:51.416,65,0,211,0,0,0
2025-07-15 10:54:51.436,65,0,210,0,0,0
2025-07-15 10:54:51.457,65,0,210,0,0,0
2025-07-15 10:54:51.477,65,0,209,0,0,0
2025-07-15 10:54:51.496,65,0,209,0,0,0
2025-07-15 10:54:51.516,65,0,209,0,0,0
2025-07-15 10:54:51.537,65,0,209,0,0,0
2025-07-15 10:54:51.556,65,0,209,0,0,0
2025-07-15 10:54:51.577,65,0,209,0,0,0
2025-07-15 10:54:51.597,65,0,207,0,0,0
2025-07-15 10:54:51.617,65,0,207,0,0,0
2025-07-15 10:54:51.637,65,0,209,0,0,0
2025-07-15 10:54:51.656,65,0,209,0,0,0
2025-07-15 10:54:51.676,65,0,209,0,0,0
2025-07-15 10:54:51.696,65,0,210,0,0,0
2025-07-15 10:54:51.716,65,0,210,0,0,0
2025-07-15 10:54:51.737,65,0,210,0,0,0
2025-07-15 10:54:51.756,65,0,210,0,0,0
2025-07-15 10:54:51.777,65,0,210,0,0,0
2025-07-15 10:54:51.796,65,0,208,0,0,0
2025-07-15 10:54:51.817,65,0,208,0,0,0
2025-07-15 10:54:51.837,65,0,208,0,0,0
2025-07-15 10:54:51.856,65,0,208,0,0,0
2025-07-15 10:54:51.876,65,0,208,0,0,0
2025-07-15 10:54:51.897,65,0,208,0,0,0
2025-07-15 10:54:51.917,70,0,208,0,0,0
2025-07-15 10:54:51.936,70,0,207,0,0,0
2025-07-15 10:54:51.956,70,0,207,0,0,0
2025-07-15 10:54:51.977,70,0,207,0,0,0
2025-07-15 10:54:51.997,70,0,205,0,0,0
2025-07-15 10:54:52.017,70,0,205,0,0,0
2025-07-15 10:54:52.037,70,0,202,0,0,0
2025-07-15 10:54:52.056,70,0,202,0,0,0
2025-07-15 10:54:52.076,70,0,202,0,0,0
2025-07-15 10:54:52.097,70,0,199,0,0,0
2025-07-15 10:54:52.117,70,0,199,0,0,0
2025-07-15 10:54:52.137,70,0,198,0,0,0
2025-07-15 10:54:52.156,70,0,198,0,0,0
2025-07-15 10:54:52.177,70,0,198,0,0,0
2025-07-15 10:54:52.208,70,0,196,0,0,0
2025-07-15 10:54:52.216,70,0,196,0,0,0
2025-07-15 10:54:52.237,70,0,196,0,0,0
2025-07-15 10:54:52.256,70,0,196,0,0,0
2025-07-15 10:54:52.277,70,0,196,0,0,0
2025-07-15 10:54:52.297,70,0,195,0,0,0
2025-07-15 10:54:52.317,70,0,195,0,0,0
2025-07-15 10:54:52.338,70,0,196,0,0,0
2025-07-15 10:54:52.357,70,0,196,0,0,0
2025-07-15 10:54:52.378,70,0,196,0,0,0
2025-07-15 10:54:52.398,70,0,195,0,0,0
2025-07-15 10:54:52.417,70,0,195,0,0,0
2025-07-15 10:54:52.437,70,0,195,0,0,0
2025-07-15 10:54:52.457,70,0,195,0,0,0
2025-07-15 10:54:52.477,70,0,195,0,0,0
2025-07-15 10:54:52.497,70,0,194,0,0,0
2025-07-15 10:54:52.537,70,0,194,0,0,0
2025-07-15 10:54:52.538,70,0,197,0,0,0
2025-07-15 10:54:52.556,70,0,197,0,0,0
2025-07-15 10:54:52.576,70,0,197,0,0,0
2025-07-15 10:54:52.597,70,0,195,0,0,0
2025-07-15 10:54:52.636,70,0,195,0,0,0
2025-07-15 10:54:52.656,70,0,196,0,0,0
2025-07-15 10:54:52.677,70,0,196,0,0,0
2025-07-15 10:54:52.697,70,0,196,0,0,0
2025-07-15 10:54:52.716,75,0,194,0,0,0
2025-07-15 10:54:52.737,75,0,194,0,0,0
2025-07-15 10:54:52.756,75,0,195,0,0,0
2025-07-15 10:54:52.778,75,0,195,0,0,0
2025-07-15 10:54:52.797,75,0,195,0,0,0
2025-07-15 10:54:52.817,75,0,192,0,0,0
2025-07-15 10:54:52.836,75,0,192,0,0,0
2025-07-15 10:54:52.856,75,0,191,0,0,0
2025-07-15 10:54:52.876,75,0,191,0,0,0
2025-07-15 10:54:52.897,75,0,191,0,0,0
2025-07-15 10:54:52.916,75,0,189,0,0,0
2025-07-15 10:54:52.937,75,0,189,0,0,0
2025-07-15 10:54:52.956,75,0,188,0,0,0
2025-07-15 10:54:52.977,75,0,188,0,0,0
2025-07-15 10:54:52.996,75,0,188,0,0,0
2025-07-15 10:54:53.016,75,0,186,0,0,0
2025-07-15 10:54:53.036,75,0,186,0,0,0
2025-07-15 10:54:53.057,75,0,187,0,0,0
2025-07-15 10:54:53.076,75,0,187,0,0,0
2025-07-15 10:54:53.098,75,0,187,0,0,0
2025-07-15 10:54:53.116,75,0,187,0,0,0
2025-07-15 10:54:53.137,75,0,187,0,0,0
2025-07-15 10:54:53.157,75,0,186,0,0,0
2025-07-15 10:54:53.176,75,0,186,0,0,0
2025-07-15 10:54:53.196,75,0,186,0,0,0
2025-07-15 10:54:53.216,75,0,186,0,0,0
2025-07-15 10:54:53.236,75,0,186,0,0,0
2025-07-15 10:54:53.257,75,0,185,0,0,0
2025-07-15 10:54:53.276,75,0,185,0,0,0
2025-07-15 10:54:53.297,75,0,185,0,0,0
2025-07-15 10:54:53.317,75,0,185,0,0,0
2025-07-15 10:54:53.337,75,0,185,0,0,0
2025-07-15 10:54:53.357,75,0,185,0,0,0
2025-07-15 10:54:53.376,75,0,187,0,0,0
2025-07-15 10:54:53.396,75,0,187,0,0,0
2025-07-15 10:54:53.416,75,0,185,0,0,0
2025-07-15 10:54:53.436,75,0,185,0,0,0
2025-07-15 10:54:53.457,75,0,185,0,0,0
2025-07-15 10:54:53.476,75,0,185,0,0,0
2025-07-15 10:54:53.497,75,0,185,0,0,0
2025-07-15 10:54:53.516,80,0,185,0,0,0
2025-07-15 10:54:53.536,80,0,185,0,0,0
2025-07-15 10:54:53.556,80,0,185,0,0,0
2025-07-15 10:54:53.576,80,0,185,0,0,0
2025-07-15 10:54:53.596,80,0,185,0,0,0
2025-07-15 10:54:53.616,80,0,183,0,0,0
2025-07-15 10:54:53.637,80,0,183,0,0,0
2025-07-15 10:54:53.658,80,0,183,0,0,0
2025-07-15 10:54:53.677,80,0,183,0,0,0
2025-07-15 10:54:53.697,80,0,183,0,0,0
2025-07-15 10:54:53.717,80,0,181,0,0,0
2025-07-15 10:54:53.737,80,0,181,0,0,0
2025-07-15 10:54:53.757,80,0,179,0,0,0
2025-07-15 10:54:53.777,80,0,179,0,0,0
2025-07-15 10:54:53.799,80,0,179,0,0,0
2025-07-15 10:54:53.816,80,0,178,0,0,0
2025-07-15 10:54:53.836,80,0,178,0,0,0
2025-07-15 10:54:53.857,80,0,177,0,0,0
2025-07-15 10:54:53.876,80,0,177,0,0,0
2025-07-15 10:54:53.898,80,0,177,0,0,0
2025-07-15 10:54:53.916,80,0,177,0,0,0
2025-07-15 10:54:53.937,80,0,177,0,0,0
2025-07-15 10:54:53.958,80,0,178,0,0,0
2025-07-15 10:54:53.977,80,0,178,0,0,0
2025-07-15 10:54:53.997,80,0,178,0,0,0
2025-07-15 10:54:54.016,80,0,177,0,0,0
2025-07-15 10:54:54.037,80,0,177,0,0,0
2025-07-15 10:54:54.059,80,0,177,0,0,0
2025-07-15 10:54:54.076,80,0,177,0,0,0
2025-07-15 10:54:54.097,80,0,177,0,0,0
2025-07-15 10:54:54.116,80,0,177,0,0,0
2025-07-15 10:54:54.138,80,0,177,0,0,0
2025-07-15 10:54:54.158,80,0,177,0,0,0
2025-07-15 10:54:54.177,80,0,177,0,0,0
2025-07-15 10:54:54.197,80,0,177,0,0,0
2025-07-15 10:54:54.218,80,0,178,0,0,0
2025-07-15 10:54:54.237,80,0,178,0,0,0
2025-07-15 10:54:54.258,80,0,178,0,0,0
2025-07-15 10:54:54.277,80,0,178,0,0,0
2025-07-15 10:54:54.297,80,0,178,0,0,0
2025-07-15 10:54:54.316,85,0,177,0,0,0
2025-07-15 10:54:54.337,85,0,177,0,0,0
2025-07-15 10:54:54.357,85,0,178,0,0,0
2025-07-15 10:54:54.377,85,0,178,0,0,0
2025-07-15 10:54:54.397,85,0,178,0,0,0
2025-07-15 10:54:54.416,85,0,177,0,0,0
2025-07-15 10:54:54.436,85,0,177,0,0,0
2025-07-15 10:54:54.458,85,0,177,0,0,0
2025-07-15 10:54:54.477,85,0,176,0,0,0
2025-07-15 10:54:54.498,85,0,176,0,0,0
2025-07-15 10:54:54.517,85,0,176,0,0,0
2025-07-15 10:54:54.537,85,0,176,0,0,0
2025-07-15 10:54:54.557,85,0,176,0,0,0
2025-07-15 10:54:54.577,85,0,175,0,0,0
2025-07-15 10:54:54.597,85,0,175,0,0,0
2025-07-15 10:54:54.617,85,0,174,0,0,0
2025-07-15 10:54:54.637,85,0,174,0,0,0
2025-07-15 10:54:54.661,85,0,174,0,0,0
2025-07-15 10:54:54.677,85,0,175,0,0,0
2025-07-15 10:54:54.696,85,0,175,0,0,0
2025-07-15 10:54:54.717,85,0,174,0,0,0
2025-07-15 10:54:54.737,85,0,174,0,0,0
2025-07-15 10:54:54.758,85,0,174,0,0,0
2025-07-15 10:54:54.777,85,0,174,0,0,0
2025-07-15 10:54:54.798,85,0,174,0,0,0
2025-07-15 10:54:54.817,85,0,174,0,0,0
2025-07-15 10:54:54.837,85,0,174,0,0,0
2025-07-15 10:54:54.857,85,0,174,0,0,0
2025-07-15 10:54:54.877,85,0,174,0,0,0
2025-07-15 10:54:54.896,85,0,174,0,0,0
2025-07-15 10:54:54.917,85,0,173,0,0,0
2025-07-15 10:54:54.937,85,0,173,0,0,0
2025-07-15 10:54:54.958,85,0,173,0,0,0
2025-07-15 10:54:54.977,85,0,174,0,0,0
2025-07-15 10:54:54.998,85,0,174,0,0,0
2025-07-15 10:54:55.017,85,0,173,0,0,0
2025-07-15 10:54:55.037,85,0,173,0,0,0
2025-07-15 10:54:55.056,85,0,173,0,0,0
2025-07-15 10:54:55.077,85,0,175,0,0,0
2025-07-15 10:54:55.096,85,0,175,0,0,0
2025-07-15 10:54:55.119,90,0,173,0,0,0
2025-07-15 10:54:55.149,90,0,173,0,0,0
2025-07-15 10:54:55.157,90,0,173,0,0,0
2025-07-15 10:54:55.176,90,0,173,0,0,0
2025-07-15 10:54:55.197,90,0,173,0,0,0
2025-07-15 10:54:55.217,90,0,175,0,0,0
2025-07-15 10:54:55.236,90,0,175,0,0,0
2025-07-15 10:54:55.258,90,0,175,0,0,0
2025-07-15 10:54:55.276,90,0,175,0,0,0
2025-07-15 10:54:55.297,90,0,175,0,0,0
2025-07-15 10:54:55.316,90,0,174,0,0,0
2025-07-15 10:54:55.337,90,0,174,0,0,0
2025-07-15 10:54:55.357,90,0,174,0,0,0
2025-07-15 10:54:55.376,90,0,174,0,0,0
2025-07-15 10:54:55.398,90,0,174,0,0,0
2025-07-15 10:54:55.417,90,0,173,0,0,0
2025-07-15 10:54:55.437,90,0,173,0,0,0
2025-07-15 10:54:55.457,90,0,173,0,0,0
2025-07-15 10:54:55.478,90,0,173,0,0,0
2025-07-15 10:54:55.497,90,0,173,0,0,0
2025-07-15 10:54:55.517,90,0,173,0,0,0
2025-07-15 10:54:55.536,90,0,173,0,0,0
2025-07-15 10:54:55.558,90,0,174,0,0,0
2025-07-15 10:54:55.576,90,0,174,0,0,0
2025-07-15 10:54:55.597,90,0,174,0,0,0
2025-07-15 10:54:55.637,90,0,172,0,0,0
2025-07-15 10:54:55.657,90,0,172,0,0,0
2025-07-15 10:54:55.677,90,0,172,0,0,0
2025-07-15 10:54:55.697,90,0,172,0,0,0
2025-07-15 10:54:55.716,90,0,172,0,0,0
2025-07-15 10:54:55.739,90,0,174,0,0,0
2025-07-15 10:54:55.758,90,0,174,0,0,0
2025-07-15 10:54:55.776,90,0,174,0,0,0
2025-07-15 10:54:55.797,90,0,174,0,0,0
2025-07-15 10:54:55.816,90,0,174,0,0,0
2025-07-15 10:54:55.837,90,0,173,0,0,0
2025-07-15 10:54:55.856,90,0,173,0,0,0
2025-07-15 10:54:55.877,90,0,173,0,0,0
2025-07-15 10:54:55.897,90,0,173,0,0,0
